060310,KR,3S
095570,KR,AJ네트웍스
006840,KR,AK홀딩스
054620,KR,APS
265520,KR,AP시스템
211270,KR,AP위성
109960,KR,AP헬스케어
139050,KR,BF랩스
027410,KR,BGF
282330,KR,BGF리테일
126600,KR,BGF에코머티리얼즈
138930,KR,BNK금융지주
001460,KR,BYC
001465,KR,BYC우
013720,KR,CBI
083790,KR,CG인바이츠
001040,KR,CJ
079160,KR,CJ CGV
035760,KR,CJ ENM
311690,KR,CJ 바이오사이언스
00104K,KR,CJ4우(전환)
000120,KR,CJ대한통운
011150,KR,CJ씨푸드
011155,KR,CJ씨푸드1우
001045,KR,CJ우
097950,KR,CJ제일제당
097955,KR,CJ제일제당 우
051500,KR,CJ프레시웨이
058820,KR,CMG제약
023460,KR,CNH
056730,KR,CNT85
000480,KR,CR홀딩스
065770,KR,CS
083660,KR,CSA 코스믹
000590,KR,CS홀딩스
012030,KR,DB
456440,KR,DB금융스팩11호
477760,KR,DB금융스팩12호
016610,KR,DB금융투자
005830,KR,DB손해보험
000990,KR,DB하이텍
139130,KR,DGB금융지주
099520,KR,DGI
060900,KR,DGP
290120,KR,DH오토리드
025440,KR,DH오토웨어
001530,KR,DI동일
000210,KR,DL
000215,KR,DL우
375500,KR,DL이앤씨
37550L,KR,DL이앤씨2우(전환)
37550K,KR,DL이앤씨우
068790,KR,DMS
007340,KR,DN오토모티브
004840,KR,DRB동일
241520,KR,DSC인베스트먼트
155660,KR,DSR
069730,KR,DSR제강
017860,KR,DS단석
180400,KR,DXVX
017940,KR,E1
245620,KR,EDGC
037370,KR,EG
278990,KR,EMB
365550,KR,ESR켄달스퀘어리츠
050120,KR,ES큐브
383220,KR,F&F
007700,KR,F&F홀딩스
214270,KR,FSN
130500,KR,GH신소재
114090,KR,GKL
900290,KR,GRT
078930,KR,GS
083450,KR,GST
006360,KR,GS건설
001250,KR,GS글로벌
007070,KR,GS리테일
078935,KR,GS우
499790,KR,GS피앤엘
297890,KR,HB솔루션
440290,KR,HB인베스트먼트
078150,KR,HB테크놀러지
012630,KR,HDC
039570,KR,HDC랩스
089470,KR,HDC현대EP
294870,KR,HDC현대산업개발
009540,KR,HD한국조선해양
267250,KR,HD현대
267270,KR,HD현대건설기계
443060,KR,HD현대마린솔루션
071970,KR,HD현대마린엔진
010620,KR,HD현대미포
322000,KR,HD현대에너지솔루션
042670,KR,HD현대인프라코어
267260,KR,HD현대일렉트릭
329180,KR,HD현대중공업
097230,KR,HJ중공업
195940,KR,HK이노엔
014790,KR,HL D&I
028300,KR,HLB
003580,KR,HLB글로벌
278650,KR,HLB바이오스텝
343090,KR,HLB사이언스
067630,KR,HLB생명과학
024850,KR,HLB이노베이션
187420,KR,HLB제넥스
047920,KR,HLB제약
115450,KR,HLB테라퓨틱스
046210,KR,HLB파나진
204320,KR,HL만도
060980,KR,HL홀딩스
011200,KR,HMM
403870,KR,HPSP
036640,KR,HRS
035000,KR,HS애드
002460,KR,HS화성
487570,KR,HS효성
298050,KR,HS효성첨단소재
439730,KR,IBKS제20호스팩
442770,KR,IBKS제21호스팩
448760,KR,IBKS제22호스팩
467930,KR,IBKS제23호스팩
469480,KR,IBKS제24호스팩
003560,KR,IHQ
095340,KR,ISC
175330,KR,JB금융지주
950170,KR,JTC
234080,KR,JW생명과학
067290,KR,JW신약
001060,KR,JW중외제약
001067,KR,JW중외제약2우B
001065,KR,JW중외제약우
096760,KR,JW홀딩스
035900,KR,JYP Ent.
318000,KR,KBG
024840,KR,KBI메탈
105560,KR,KB금융
415640,KR,KB발해인프라
432320,KR,KB스타리츠
024120,KR,KB오토시스
455250,KR,KB제25호스팩
458320,KR,KB제26호스팩
464680,KR,KB제27호스팩
476470,KR,KB제28호스팩
478390,KR,KB제29호스팩
486630,KR,KB제30호스팩
492220,KR,KB제31호스팩
002380,KR,KCC
021320,KR,KCC건설
344820,KR,KCC글라스
036670,KR,KCI
009070,KR,KCTC
009440,KR,KC그린홀딩스
112190,KR,KC산업
119650,KR,KC코트렐
044180,KR,KD
092220,KR,KEC
046440,KR,KG모빌리언스
003620,KR,KG모빌리티
016380,KR,KG스틸
151860,KR,KG에코솔루션
035600,KR,KG이니시스
001390,KR,KG케미칼
226360,KR,KH 건설
111870,KR,KH 미래물산
033180,KR,KH 필룩스
060720,KR,KH바텍
015590,KR,KIB플러그에너지
001940,KR,KISCO홀딩스
058400,KR,KNN
025000,KR,KPX케미칼
092230,KR,KPX홀딩스
000040,KR,KR모터스
044450,KR,KSS해운
101000,KR,KS인더스트리
030200,KR,KT
033780,KR,KT&G
058850,KR,KTcs
058860,KR,KTis
122450,KR,KX
052900,KR,KX하이텍
376190,KR,LB루셈
061970,KR,LB세미콘
309960,KR,LB인베스트먼트
093050,KR,LF
003550,KR,LG
034220,KR,LG디스플레이
051900,KR,LG생활건강
051905,KR,LG생활건강우
373220,KR,LG에너지솔루션
003555,KR,LG우
032640,KR,LG유플러스
011070,KR,LG이노텍
066570,KR,LG전자
066575,KR,LG전자우
037560,KR,LG헬로비전
051910,KR,LG화학
051915,KR,LG화학우
079550,KR,LIG넥스원
225190,KR,LK삼양
006260,KR,LS
010120,KR,LS ELECTRIC
000680,KR,LS네트웍스
060370,KR,LS마린솔루션
417200,KR,LS머트리얼즈
229640,KR,LS에코에너지
078020,KR,LS증권
108320,KR,LX세미콘
001120,KR,LX인터내셔널
108670,KR,LX하우시스
108675,KR,LX하우시스우
383800,KR,LX홀딩스
38380K,KR,LX홀딩스1우
476080,KR,M83
086960,KR,MDS테크
023150,KR,MH에탄올
038340,KR,MIT
035420,KR,NAVER
160550,KR,NEW
053290,KR,NE능률
181710,KR,NHN
060250,KR,NHN KCP
104200,KR,NHN벅스
400760,KR,NH올원리츠
005940,KR,NH투자증권
005945,KR,NH투자증권우
338100,KR,NH프라임리츠
034310,KR,NICE
030190,KR,NICE평가정보
008260,KR,NI스틸
004250,KR,NPC
004255,KR,NPC우
222160,KR,NPX
456040,KR,OCI
010060,KR,OCI홀딩스
178920,KR,PI첨단소재
024940,KR,PN풍년
005490,KR,POSCO홀딩스
218410,KR,RFHIC
327260,KR,RF머트리얼즈
474610,KR,RF시스템즈
091340,KR,S&K폴리텍
010950,KR,S-Oil
010955,KR,S-Oil우
419530,KR,SAMG엔터
019550,KR,SBI인베스트먼트
950110,KR,SBI핀테크솔루션즈
034120,KR,SBS
036120,KR,SCI평가정보
246960,KR,SCL사이언스
099220,KR,SDN
036540,KR,SFA반도체
255220,KR,SG
040610,KR,SG&G
049470,KR,SGA
184230,KR,SGA솔루션즈
016250,KR,SGC E&C
005090,KR,SGC에너지
001380,KR,SG글로벌
004060,KR,SG세계물산
001770,KR,SHD
002360,KR,SH에너지화학
009160,KR,SIMPAC
033530,KR,SJG세종
123700,KR,SJM
025530,KR,SJM홀딩스
034730,KR,SK
011790,KR,SKC
018670,KR,SK가스
001740,KR,SK네트웍스
006120,KR,SK디스커버리
006125,KR,SK디스커버리우
210980,KR,SK디앤디
395400,KR,SK리츠
302440,KR,SK바이오사이언스
326030,KR,SK바이오팜
402340,KR,SK스퀘어
260870,KR,SK시그넷
361610,KR,SK아이이테크놀로지
100090,KR,SK오션플랜트
03473K,KR,SK우
096770,KR,SK이노베이션
096775,KR,SK이노베이션우
475150,KR,SK이터닉스
001510,KR,SK증권
001515,KR,SK증권우
285130,KR,SK케미칼
28513K,KR,SK케미칼우
017670,KR,SK텔레콤
000660,KR,SK하이닉스
048550,KR,SM C&C
063440,KR,SM Life Design
003570,KR,SNT다이내믹스
064960,KR,SNT모티브
100840,KR,SNT에너지
036530,KR,SNT홀딩스
067160,KR,SOOP
005610,KR,SPC삼립
011810,KR,STX
465770,KR,STX그린로지스
077970,KR,STX엔진
002820,KR,SUN&L
289080,KR,SV인베스트먼트
084870,KR,TBH글로벌
002710,KR,TCC스틸
089230,KR,THE E&M
032540,KR,TJ미디어
022220,KR,TKG애강
069260,KR,TKG휴켐스
007980,KR,TP
048770,KR,TPC
246690,KR,TS인베스트먼트
317240,KR,TS트릴리온
002900,KR,TYM
024070,KR,WISCOM
057030,KR,YBM넷
037270,KR,YG PLUS
040300,KR,YTN
051390,KR,YW
052220,KR,iMBC
079940,KR,가비아
078890,KR,가온그룹
000500,KR,가온전선
399720,KR,가온칩스
296520,KR,가이아코퍼레이션
036620,KR,감성코퍼레이션
000860,KR,강남제비스코
198440,KR,강동씨앤엘
217730,KR,강스템바이오텍
035250,KR,강원랜드
114190,KR,강원에너지
094480,KR,갤럭시아머니트리
011420,KR,갤럭시아에스엠
039240,KR,경남스틸
053950,KR,경남제약
002100,KR,경농
009450,KR,경동나비엔
267290,KR,경동도시가스
012320,KR,경동인베스트
011040,KR,경동제약
000050,KR,경방
214390,KR,경보제약
012610,KR,경인양행
009140,KR,경인전자
024910,KR,경창산업
013580,KR,계룡건설
012200,KR,계양전기
012205,KR,계양전기우
002140,KR,고려산업
049720,KR,고려신용정보
010130,KR,고려아연
002240,KR,고려제강
014570,KR,고려제약
348150,KR,고바이오랩
950190,KR,고스트스튜디오
098460,KR,고영
035290,KR,골드앤에스
215000,KR,골프존
121440,KR,골프존뉴딘홀딩스
366030,KR,공구우먼
076340,KR,관악산업
009290,KR,광동제약
086220,KR,광동헬스바이오
014200,KR,광림
017040,KR,광명전기
029480,KR,광무
017900,KR,광전자
037710,KR,광주신세계
026910,KR,광진실업
440790,KR,교보13호스팩
456490,KR,교보14호스팩
465320,KR,교보15호스팩
482520,KR,교보16호스팩
489210,KR,교보17호스팩
030610,KR,교보증권
339770,KR,교촌에프앤비
053270,KR,구영테크
007690,KR,국도화학
001140,KR,국보
066620,KR,국보디자인
043650,KR,국순당
006050,KR,국영지앤엠
060480,KR,국일신동
078130,KR,국일제지
307750,KR,국전약품
002720,KR,국제약품
035080,KR,그래디언트
453450,KR,그리드위즈
204020,KR,그리티
402490,KR,그린리소스
114450,KR,그린생명과학
083420,KR,그린케미칼
186230,KR,그린플러스
014530,KR,극동유화
900070,KR,글로벌에스엠
204620,KR,글로벌텍스프리
019660,KR,글로본
014280,KR,금강공업
014285,KR,금강공업우
053260,KR,금강철강
008870,KR,금비
001570,KR,금양
282720,KR,금양그린파워
002990,KR,금호건설
002995,KR,금호건설우
011780,KR,금호석유
011785,KR,금호석유우
214330,KR,금호에이치티
001210,KR,금호전기
073240,KR,금호타이어
036190,KR,금화피에스시
049080,KR,기가레인
420770,KR,기가비스
035460,KR,기산텔레콤
092440,KR,기신정기
000270,KR,기아
024110,KR,기업은행
456700,KR,길교이앤씨
013700,KR,까뮤이앤씨
308100,KR,까스텔바작
004540,KR,깨끗한나라
004545,KR,깨끗한나라우
407400,KR,꿈비
187790,KR,나노
286750,KR,나노브릭
121600,KR,나노신소재
247660,KR,나노씨엠에스
039860,KR,나노엔텍
091970,KR,나노캠텍
417010,KR,나노팀
244880,KR,나눔테크
405920,KR,나라셀라
288490,KR,나라소프트
051490,KR,나라엠앤디
137080,KR,나래나노텍
190510,KR,나무가
242040,KR,나무기술
089600,KR,나스미디어
293580,KR,나우IB
257990,KR,나우코스
138610,KR,나이벡
130580,KR,나이스디앤비
036800,KR,나이스정보통신
267320,KR,나인테크
001260,KR,남광토건
008350,KR,남선알미늄
008355,KR,남선알미우
004270,KR,남성
003920,KR,남양유업
003925,KR,남양유업우
025860,KR,남해화학
111710,KR,남화산업
091590,KR,남화토건
168330,KR,내츄럴엔도텍
094860,KR,네오리진
253590,KR,네오셈
212560,KR,네오오토
095660,KR,네오위즈
042420,KR,네오위즈홀딩스
950220,KR,네오이뮨텍
311390,KR,네오크레마
085910,KR,네오티스
092730,KR,네오팜
290660,KR,네오펙트
306620,KR,네온테크
153460,KR,네이블
007390,KR,네이처셀
033640,KR,네패스
330860,KR,네패스아크
005720,KR,넥센
005725,KR,넥센우
002350,KR,넥센타이어
002355,KR,넥센타이어1우B
089140,KR,넥스턴바이오
389650,KR,넥스트바이오메디컬
137940,KR,넥스트아이
396270,KR,넥스트칩
348210,KR,넥스틴
092790,KR,넥스틸
225570,KR,넥슨게임즈
217270,KR,넵튠
251270,KR,넷마블
317860,KR,노드메이슨
104620,KR,노랑풍선
090350,KR,노루페인트
090355,KR,노루페인트우
000320,KR,노루홀딩스
000325,KR,노루홀딩스우
473980,KR,노머스
194700,KR,노바렉스
285490,KR,노바텍
283100,KR,노보믹스
145170,KR,노브랜드
229500,KR,노브메타파마
106520,KR,노블엠앤비
376930,KR,노을
006280,KR,녹십자
142280,KR,녹십자엠에스
234690,KR,녹십자웰빙
005250,KR,녹십자홀딩스
005257,KR,녹십자홀딩스2우
004370,KR,농심
072710,KR,농심홀딩스
054050,KR,농우바이오
069140,KR,누리플랜
040160,KR,누리플렉스
332290,KR,누보
348340,KR,뉴로메카
060260,KR,뉴보텍
123840,KR,뉴온
012340,KR,뉴인텍
270870,KR,뉴트리
144960,KR,뉴파워프라즈마
085670,KR,뉴프렉스
064260,KR,다날
340360,KR,다보링크
039560,KR,다산네트웍스
154040,KR,다산솔루에타
058730,KR,다스코
030210,KR,다올투자증권
023590,KR,다우기술
032190,KR,다우데이타
323350,KR,다원넥스뷰
068240,KR,다원시스
145210,KR,다이나믹디자인
464580,KR,닷밀
019680,KR,대교
019685,KR,대교우B
006370,KR,대구백화점
008060,KR,대덕
00806K,KR,대덕1우
353200,KR,대덕전자
35320K,KR,대덕전자1우
000490,KR,대동
178600,KR,대동고려삼
020400,KR,대동금속
008830,KR,대동기어
048470,KR,대동스틸
008110,KR,대동전자
004780,KR,대륙제관
005750,KR,대림B&Co
017650,KR,대림제지
006570,KR,대림통상
007720,KR,대명소노시즌
389260,KR,대명에너지
317850,KR,대모
290670,KR,대보마그네틱
078140,KR,대봉엘에스
065150,KR,대산F&B
001680,KR,대상
001685,KR,대상우
084690,KR,대상홀딩스
084695,KR,대상홀딩스우
036480,KR,대성미생물
128820,KR,대성산업
117580,KR,대성에너지
027830,KR,대성창투
104040,KR,대성파인텍
129920,KR,대성하이텍
016710,KR,대성홀딩스
442310,KR,대신밸런스제14호스팩
457390,KR,대신밸런스제15호스팩
457630,KR,대신밸런스제16호스팩
471050,KR,대신밸런스제17호스팩
478780,KR,대신밸런스제18호스팩
482690,KR,대신밸런스제19호스팩
020180,KR,대신정보통신
003540,KR,대신증권
003547,KR,대신증권2우B
003545,KR,대신증권우
045390,KR,대아티아이
009190,KR,대양금속
108380,KR,대양전기공업
014160,KR,대영포장
047040,KR,대우건설
003090,KR,대웅
069620,KR,대웅제약
007680,KR,대원
000430,KR,대원강업
048910,KR,대원미디어
005710,KR,대원산업
006340,KR,대원전선
006345,KR,대원전선우
003220,KR,대원제약
024890,KR,대원화성
290380,KR,대유
002880,KR,대유에이텍
000300,KR,대유플러스
120240,KR,대정화금
003310,KR,대주산업
114920,KR,대주이엔티
078600,KR,대주전자재료
012800,KR,대창
015230,KR,대창단조
096350,KR,대창솔루션
140520,KR,대창스틸
131220,KR,대한과학
010170,KR,대한광통신
054670,KR,대한뉴팜
001070,KR,대한방직
023910,KR,대한약품
006650,KR,대한유화
001440,KR,대한전선
084010,KR,대한제강
001790,KR,대한제당
001795,KR,대한제당우
001130,KR,대한제분
003490,KR,대한항공
003495,KR,대한항공우
005880,KR,대한해운
003830,KR,대한화섬
016090,KR,대현
069460,KR,대호에이엘
021040,KR,대호특수강
021045,KR,대호특수강우
067080,KR,대화제약
298540,KR,더네이쳐홀딩스
032860,KR,더라미
475560,KR,더본코리아
192080,KR,더블유게임즈
393890,KR,더블유씨피
299170,KR,더블유에스아이
012510,KR,더존비즈온
224060,KR,더코디
302920,KR,더콘텐츠온
043090,KR,더테크놀로지
213420,KR,덕산네오룩스
317330,KR,덕산테코피아
077360,KR,덕산하이메탈
004830,KR,덕성
004835,KR,덕성우
090410,KR,덕신이피씨
024900,KR,덕양산업
263600,KR,덕우전자
194480,KR,데브시스터즈
263800,KR,데이타솔루션
199150,KR,데이터스트림즈
206560,KR,덱스터
261200,KR,덴티스
145720,KR,덴티움
227420,KR,도부
067990,KR,도이치모터스
002150,KR,도화엔지니어링
006620,KR,동구바이오제약
100130,KR,동국S&C
005160,KR,동국산업
460850,KR,동국씨엠
075970,KR,동국알앤에스
460860,KR,동국제강
086450,KR,동국제약
001230,KR,동국홀딩스
023450,KR,동남합성
004140,KR,동방
099410,KR,동방선기
007590,KR,동방아그로
005960,KR,동부건설
005965,KR,동부건설우
026960,KR,동서
002210,KR,동성제약
102260,KR,동성케미컬
033500,KR,동성화인텍
025950,KR,동신건설
000640,KR,동아쏘시오홀딩스
170900,KR,동아에스티
088130,KR,동아엘텍
028100,KR,동아지질
041930,KR,동아화성
001520,KR,동양
001527,KR,동양2우B
084670,KR,동양고속
082640,KR,동양생명
060380,KR,동양에스텍
001525,KR,동양우
079960,KR,동양이엔피
008970,KR,동양철관
228340,KR,동양파일
092780,KR,동양피스톤
088910,KR,동우팜투테이블
094170,KR,동운아나텍
049770,KR,동원F&B
013120,KR,동원개발
018500,KR,동원금속
006040,KR,동원산업
030720,KR,동원수산
014820,KR,동원시스템즈
014825,KR,동원시스템즈우
111380,KR,동인기연
163560,KR,동일고무벨트
109860,KR,동일금속
032960,KR,동일기연
004890,KR,동일산업
023790,KR,동일스틸럭스
002690,KR,동일제강
005290,KR,동진쎄미켐
025900,KR,동화기업
000020,KR,동화약품
000150,KR,두산
000157,KR,두산2우B
454910,KR,두산로보틱스
241560,KR,두산밥캣
034020,KR,두산에너빌리티
000155,KR,두산우
131970,KR,두산테스나
336260,KR,두산퓨얼셀
33626K,KR,두산퓨얼셀1우
33626L,KR,두산퓨얼셀2우B
016740,KR,두올
073190,KR,듀오백
176750,KR,듀켐바이오
030350,KR,드래곤플라이
203650,KR,드림시큐리티
223250,KR,드림씨아이에스
060570,KR,드림어스컴퍼니
362990,KR,드림인사이트
192650,KR,드림텍
016670,KR,디모아
187870,KR,디바이스이엔지
489730,KR,디비금융제13호스팩
024090,KR,디씨엠
003160,KR,디아이
092200,KR,디아이씨
110990,KR,디아이티
263690,KR,디알젬
214680,KR,디알텍
347850,KR,디앤디파마텍
377190,KR,디앤디플랫폼리츠
263720,KR,디앤씨미디어
376300,KR,디어유
109740,KR,디에스케이
031860,KR,디에이치엑스컴퍼니
196490,KR,디에이테크놀로지
066900,KR,디에이피
127120,KR,디엔에이링크
092070,KR,디엔에프
039840,KR,디오
013570,KR,디와이
219550,KR,디와이디
310870,KR,디와이씨
210540,KR,디와이파워
104460,KR,디와이피엔에프
079810,KR,디이엔티
113810,KR,디젠스
043360,KR,디지아이
197140,KR,디지캡
068930,KR,디지털대성
033130,KR,디지틀조선
105740,KR,디케이락
263020,KR,디케이앤디
290550,KR,디케이티
066670,KR,디티씨
187220,KR,디티앤씨
383930,KR,디티앤씨알오
131180,KR,딜리
315640,KR,딥노이드
223310,KR,딥마인드
317120,KR,라닉스
462510,KR,라메디텍
042510,KR,라온시큐어
232680,KR,라온테크
418420,KR,라온텍
300120,KR,라온피플
171120,KR,라이온켐텍
388790,KR,라이콤
347700,KR,라이프시맨틱스
214260,KR,라파스
403360,KR,라피치
171010,KR,램테크놀러지
084650,KR,랩지노믹스
217500,KR,러셀
092590,KR,럭스피아
038390,KR,레드캡투어
294140,KR,레몬
443250,KR,레뷰코퍼레이션
228670,KR,레이
228850,KR,레이언스
412350,KR,레이저쎌
199550,KR,레이저옵텍
281740,KR,레이크머티리얼즈
277810,KR,레인보우로보틱스
215100,KR,로보로보
090360,KR,로보스타
238500,KR,로보쓰리에이아이
108490,KR,로보티즈
900260,KR,로스웰
223220,KR,로지스몬
067730,KR,로지시스
071280,KR,로체시스템즈
032350,KR,롯데관광개발
089860,KR,롯데렌탈
330590,KR,롯데리츠
000400,KR,롯데손해보험
023530,KR,롯데쇼핑
020150,KR,롯데에너지머티리얼즈
280360,KR,롯데웰푸드
286940,KR,롯데이노베이트
004000,KR,롯데정밀화학
004990,KR,롯데지주
00499K,KR,롯데지주우
005300,KR,롯데칠성
005305,KR,롯데칠성우
011170,KR,롯데케미칼
071840,KR,롯데하이마트
328130,KR,루닛
038060,KR,루멘스
474170,KR,루미르
162120,KR,루켄테크놀러지스
253610,KR,루트락
141080,KR,리가켐바이오
058470,KR,리노공업
016100,KR,리더스코스메틱
012700,KR,리드코프
302550,KR,리메드
073570,KR,리튬포어스
377450,KR,리파인
277070,KR,린드먼아시아
042500,KR,링네트
193250,KR,링크드
219420,KR,링크제니시스
439090,KR,마녀공장
027740,KR,마니커
195500,KR,마니커에프앤지
357430,KR,마스턴프리미어리츠
377480,KR,마음AI
305090,KR,마이크로디지탈
448780,KR,마이크로엔엑스
098120,KR,마이크로컨텍솔
424980,KR,마이크로투나노
038290,KR,마크로젠
001080,KR,만호제강
267980,KR,매일유업
005990,KR,매일홀딩스
093520,KR,매커스
377030,KR,맥스트
088980,KR,맥쿼리인프라
094800,KR,맵스리얼티1
179720,KR,머니무브
100590,KR,머큐리
067280,KR,멀티캠퍼스
072870,KR,메가스터디
215200,KR,메가스터디교육
133750,KR,메가엠디
446540,KR,메가터치
235980,KR,메드팩토
200580,KR,메디쎄이
041920,KR,메디아나
233250,KR,메디안디노스틱
014100,KR,메디앙스
236340,KR,메디젠휴먼케어
054180,KR,메디콕스
086900,KR,메디톡스
078160,KR,메디포스트
138040,KR,메리츠금융지주
408920,KR,메쎄이상
021880,KR,메이슨캐피탈
140410,KR,메지온
241770,KR,메카로
090370,KR,메타랩스
059210,KR,메타바이오메드
118000,KR,메타케어
058110,KR,멕아이씨에스
017180,KR,명문제약
009900,KR,명신산업
012690,KR,모나리자
005360,KR,모나미
070960,KR,모나용평
434480,KR,모니터랩
080420,KR,모다이노칩
417970,KR,모델솔루션
080160,KR,모두투어
087260,KR,모바일어플라이언스
101330,KR,모베이스
012860,KR,모베이스전자
363260,KR,모비데이즈
348030,KR,모비릭스
250060,KR,모비스
288980,KR,모아데이타
142760,KR,모아라이프플러스
033200,KR,모아텍
333050,KR,모코엠시스
009680,KR,모토닉
118990,KR,모트렉스
006920,KR,모헨즈
009580,KR,무림P&P
001810,KR,무림SP
009200,KR,무림페이퍼
322970,KR,무진메디
033920,KR,무학
008420,KR,문배철강
279600,KR,미디어젠
095500,KR,미래나노텍
254490,KR,미래반도체
025560,KR,미래산업
218150,KR,미래생명자원
007120,KR,미래아이앤지
396690,KR,미래에셋글로벌리츠
442900,KR,미래에셋드림스팩1호
357250,KR,미래에셋맵스리츠
100790,KR,미래에셋벤처투자
446190,KR,미래에셋비전스팩2호
448830,KR,미래에셋비전스팩3호
477380,KR,미래에셋비전스팩4호
477470,KR,미래에셋비전스팩5호
478440,KR,미래에셋비전스팩6호
482680,KR,미래에셋비전스팩7호
085620,KR,미래에셋생명
006800,KR,미래에셋증권
00680K,KR,미래에셋증권2우B
006805,KR,미래에셋증권우
208890,KR,미래엔에듀파트너
049950,KR,미래컴퍼니
207760,KR,미스터블루
002840,KR,미원상사
268280,KR,미원에스씨
107590,KR,미원홀딩스
134380,KR,미원화학
351020,KR,미쥬
003650,KR,미창석유
059090,KR,미코
214610,KR,미코바이오메드
201490,KR,미투온
475460,KR,미트박스
452200,KR,민테크
418470,KR,밀리의서재
206640,KR,바디텍메드
018700,KR,바른손
035620,KR,바른손이앤에이
354390,KR,바스칸바이오제약
053030,KR,바이넥스
301300,KR,바이브컴퍼니
377740,KR,바이오노트
064550,KR,바이오니아
314930,KR,바이오다인
208710,KR,바이오로그디바이스
086820,KR,바이오솔루션
038460,KR,바이오스마트
251120,KR,바이오에프디엔씨
199730,KR,바이오인프라
266470,KR,바이오인프라생명과학
289170,KR,바이오텐
086040,KR,바이오톡스텍
199290,KR,바이오프로테크
099430,KR,바이오플러스
032980,KR,바이온
308080,KR,바이젠셀
043150,KR,바텍
323990,KR,박셀바이오
003610,KR,방림
267790,KR,배럴
001340,KR,백광산업
046310,KR,백금T&A
035150,KR,백산
331520,KR,밸로프
199480,KR,뱅크웨어글로벌
438700,KR,버넥트
066410,KR,버킷스튜디오
002410,KR,범양건영
382900,KR,범한퓨얼셀
206400,KR,베노티앤알
019010,KR,베뉴지
177350,KR,베셀
457600,KR,벡트
424760,KR,벨로크
007210,KR,벽산
225530,KR,보광산업
250000,KR,보라티알
002760,KR,보락
003850,KR,보령
310210,KR,보로노이
006910,KR,보성파워텍
000890,KR,보해양조
226340,KR,본느
206950,KR,볼빅
003000,KR,부광약품
001270,KR,부국증권
001275,KR,부국증권우
026940,KR,부국철강
014470,KR,부방
011390,KR,부산산업
005030,KR,부산주공
008470,KR,부스타
338220,KR,뷰노
100120,KR,뷰웍스
406820,KR,뷰티스킨
337930,KR,브랜드엑스코퍼레이션
099390,KR,브레인즈컴퍼니
064480,KR,브리지텍
288330,KR,브릿지바이오테라퓨틱스
365900,KR,브이씨
089970,KR,브이엠
251630,KR,브이원텍
018290,KR,브이티
478560,KR,블랙야크아이앤씨
439580,KR,블루엠텍
033560,KR,블루콤
191600,KR,블루탑
369370,KR,블리츠웨이스튜디오
126340,KR,비나텍
121800,KR,비덴트
082800,KR,비보존 제약
318410,KR,비비씨
002070,KR,비비안
100220,KR,비상교육
419540,KR,비스토스
146320,KR,비씨엔씨
200780,KR,비씨월드제약
413640,KR,비아이매트릭스
141000,KR,비아트론
090460,KR,비에이치
083650,KR,비에이치아이
445360,KR,비엔케이제1호스팩
473370,KR,비엔케이제2호스팩
065170,KR,비엘팜텍
086670,KR,비엠티
335890,KR,비올
230980,KR,비유테크놀러지
082920,KR,비츠로셀
054220,KR,비츠로시스
042370,KR,비츠로테크
050090,KR,비케이홀딩스
148780,KR,비큐AI
307870,KR,비투엔
032850,KR,비트컴퓨터
238200,KR,비피도
093190,KR,빅솔론
065450,KR,빅텍
210120,KR,빅텐츠
044480,KR,빌리언스
005180,KR,빙그레
069540,KR,빛과전자
072950,KR,빛샘전자
266170,KR,뿌리깊은나무들
451250,KR,삐아
143240,KR,사람인
466410,KR,사이냅소프트
003960,KR,사조대림
008040,KR,사조동아원
007160,KR,사조산업
014710,KR,사조씨푸드
006090,KR,사조오양
452430,KR,사피엔반도체
419120,KR,산돌
062040,KR,산일전기
122350,KR,삼기
419050,KR,삼기이브이
014970,KR,삼륭물산
018310,KR,삼목에스폼
012210,KR,삼미금속
053700,KR,삼보모터스
009620,KR,삼보산업
023600,KR,삼보판지
001470,KR,삼부토건
028050,KR,삼성E&A
448730,KR,삼성FN리츠
006400,KR,삼성SDI
006405,KR,삼성SDI우
006660,KR,삼성공조
028260,KR,삼성물산
02826K,KR,삼성물산우B
207940,KR,삼성바이오로직스
032830,KR,삼성생명
425290,KR,삼성스팩6호
439250,KR,삼성스팩7호
448740,KR,삼성스팩8호
468510,KR,삼성스팩9호
018260,KR,삼성에스디에스
009150,KR,삼성전기
009155,KR,삼성전기우
005930,KR,삼성전자
005935,KR,삼성전자우
001360,KR,삼성제약
010140,KR,삼성중공업
016360,KR,삼성증권
068290,KR,삼성출판사
029780,KR,삼성카드
000810,KR,삼성화재
000815,KR,삼성화재우
006110,KR,삼아알미늄
009300,KR,삼아제약
145990,KR,삼양사
145995,KR,삼양사우
003230,KR,삼양식품
002170,KR,삼양통상
272550,KR,삼양패키징
000070,KR,삼양홀딩스
000075,KR,삼양홀딩스우
003720,KR,삼영
002810,KR,삼영무역
361670,KR,삼영에스앤씨
054540,KR,삼영엠텍
065570,KR,삼영이엔씨
005680,KR,삼영전자
023000,KR,삼원강재
004380,KR,삼익THK
002450,KR,삼익악기
032280,KR,삼일
002290,KR,삼일기업공사
004440,KR,삼일씨엔에스
000520,KR,삼일제약
009770,KR,삼정펄프
037460,KR,삼지전자
032750,KR,삼진
054090,KR,삼진엘앤디
005500,KR,삼진제약
000250,KR,삼천당제약
004690,KR,삼천리
024950,KR,삼천리자전거
038500,KR,삼표시멘트
437730,KR,삼현
017480,KR,삼현철강
010960,KR,삼호개발
046390,KR,삼화네트웍스
004450,KR,삼화왕관
009470,KR,삼화전기
011230,KR,삼화전자
001820,KR,삼화콘덴서
000390,KR,삼화페인트
027580,KR,상보
038540,KR,상상인
452670,KR,상상인제4호스팩
001290,KR,상상인증권
041650,KR,상신브레이크
091580,KR,상신이디피
263810,KR,상신전자
089980,KR,상아프론테크
042940,KR,상지건설
042600,KR,새로닉스
075180,KR,새론오토모티브
107600,KR,새빗켐
411080,KR,샌즈랩
252990,KR,샘씨엔에스
007540,KR,샘표
248170,KR,샘표식품
378800,KR,샤페론
294630,KR,서남
038070,KR,서린바이오
006730,KR,서부T&D
079650,KR,서산
100660,KR,서암기계공업
007860,KR,서연
200880,KR,서연이화
019770,KR,서연탑메탈
017390,KR,서울가스
043710,KR,서울리거
092190,KR,서울바이오시스
046890,KR,서울반도체
004410,KR,서울식품
004415,KR,서울식품우
063170,KR,서울옥션
027040,KR,서울전자통신
018680,KR,서울제약
021050,KR,서원
093920,KR,서원인텍
189860,KR,서전기전
178320,KR,서진시스템
122690,KR,서진오토모티브
140070,KR,서플러스글로벌
011370,KR,서한
065710,KR,서호전기
008490,KR,서흥
035890,KR,서희건설
357550,KR,석경에이티
003100,KR,선광
007610,KR,선도전기
067370,KR,선바이오
217620,KR,선샤인푸드
171090,KR,선익시스템
136490,KR,선진
086710,KR,선진뷰티사이언스
014620,KR,성광벤드
037350,KR,성도이엔지
014910,KR,성문전자
014915,KR,성문전자우
003080,KR,성보화학
004980,KR,성신양회
004985,KR,성신양회우
011300,KR,성안머티리얼스
458650,KR,성우
081580,KR,성우전자
045300,KR,성우테크론
015750,KR,성우하이텍
365340,KR,성일하이텍
000180,KR,성창기업지주
080470,KR,성창오토텍
043260,KR,성호전자
148150,KR,세경하이테크
002420,KR,세기상사
188260,KR,세니젠
053060,KR,세동
340440,KR,세림B&G
017510,KR,세명전기
004360,KR,세방
004365,KR,세방우
004490,KR,세방전지
011560,KR,세보엠이씨
267080,KR,세븐브로이맥주
396300,KR,세아메카닉스
001430,KR,세아베스틸지주
306200,KR,세아제강
003030,KR,세아제강지주
019440,KR,세아특수강
058650,KR,세아홀딩스
013000,KR,세우글로벌
100700,KR,세운메디칼
024830,KR,세원물산
091090,KR,세원이앤씨
021820,KR,세원정공
067830,KR,세이브존I&C
258830,KR,세종메디칼
036630,KR,세종텔레콤
039310,KR,세중
075580,KR,세진중공업
067770,KR,세진티에스
053450,KR,세코닉스
222810,KR,세토피아
252500,KR,세화피앤씨
321370,KR,센서뷰
347000,KR,센코
331920,KR,셀레믹스
471820,KR,셀로맥스사이언스
049180,KR,셀루메드
299660,KR,셀리드
268600,KR,셀리버리
108860,KR,셀바스AI
208370,KR,셀바스헬스케어
318160,KR,셀바이오휴먼텍
308430,KR,셀비온
068270,KR,셀트리온
068760,KR,셀트리온제약
068940,KR,셀피글로벌
060230,KR,소니드
290690,KR,소룩스
950200,KR,소마젠
032680,KR,소프트센
032685,KR,소프트센우
258790,KR,소프트캠프
066910,KR,손오공
336370,KR,솔루스첨단소재
33637K,KR,솔루스첨단소재1우
33637L,KR,솔루스첨단소재2우B
248070,KR,솔루엠
035610,KR,솔본
357780,KR,솔브레인
036830,KR,솔브레인홀딩스
304100,KR,솔트룩스
328380,KR,솔트웨어
004430,KR,송원산업
086980,KR,쇼박스
050960,KR,수산아이앤티
126720,KR,수산인더스트리
017550,KR,수산중공업
084180,KR,수성웹툰
253840,KR,수젠텍
185190,KR,수프로
298830,KR,슈어소프트테크
236200,KR,슈프리마
094840,KR,슈프리마에이치큐
192440,KR,슈피겐코리아
424960,KR,스마트레이더시스템
099440,KR,스맥
053210,KR,스카이라이프
357880,KR,스카이월드와이드
276040,KR,스코넥
159910,KR,스킨앤스킨
204210,KR,스타에스엠리츠
060240,KR,스타코링크
115570,KR,스타플렉스
330730,KR,스톤브릿지벤처스
352090,KR,스톰테크
253450,KR,스튜디오드래곤
408900,KR,스튜디오미르
204630,KR,스튜디오산타클로스
415380,KR,스튜디오삼익
026890,KR,스틱인베스트먼트
013810,KR,스페코
049830,KR,승일
020710,KR,시공테크
033170,KR,시그네틱스
048870,KR,시너지이노베이션
025320,KR,시노펙스
134790,KR,시디즈
269620,KR,시스웍
056090,KR,시지메드텍
429270,KR,시지트로닉스
418250,KR,시큐레터
131090,KR,시큐브
232830,KR,시큐센
462870,KR,시프트업
016590,KR,신대양제지
290520,KR,신도기연
029530,KR,신도리코
004970,KR,신라교역
001000,KR,신라섬유
025870,KR,신라에스지
215600,KR,신라젠
065350,KR,신성델타테크
416180,KR,신성에스티
011930,KR,신성이엔지
005390,KR,신성통상
004170,KR,신세계
035510,KR,신세계 I&C
034300,KR,신세계건설
031430,KR,신세계인터내셔날
031440,KR,신세계푸드
006880,KR,신송홀딩스
162300,KR,신스틸
290560,KR,신시웨이
002800,KR,신신제약
472220,KR,신영스팩10호
430220,KR,신영스팩8호
445970,KR,신영스팩9호
005800,KR,신영와코루
001720,KR,신영증권
009270,KR,신원
017000,KR,신원종합개발
002700,KR,신일전자
012790,KR,신일제약
138070,KR,신진에스엠
226330,KR,신테카바이오
002870,KR,신풍
019170,KR,신풍제약
019175,KR,신풍제약우
481850,KR,신한글로벌액티브리츠
404990,KR,신한서부티엔디리츠
293940,KR,신한알파리츠
418210,KR,신한제10호스팩
452980,KR,신한제11호스팩
474660,KR,신한제12호스팩
474930,KR,신한제13호스팩
487360,KR,신한제14호스팩
487830,KR,신한제15호스팩
055550,KR,신한지주
056700,KR,신화인터텍
187270,KR,신화콘텍
004080,KR,신흥
243840,KR,신흥에스이씨
257720,KR,실리콘투
222800,KR,심텍
036710,KR,심텍홀딩스
160980,KR,싸이맥스
356890,KR,싸이버원
217330,KR,싸이토젠
102280,KR,쌍방울
010280,KR,쌍용정보통신
004770,KR,써니전자
217320,KR,썬테크
208640,KR,썸에이지
222420,KR,쎄노텍
037760,KR,쎄니트
099320,KR,쎄트렉아이
049960,KR,쎌바이오텍
088280,KR,쏘닉스
403550,KR,쏘카
050890,KR,쏠리드
394800,KR,쓰리빌리언
177900,KR,쓰리에이로직스
475400,KR,씨메스
109670,KR,씨싸이트
066790,KR,씨씨에스
222080,KR,씨아이에스
004920,KR,씨아이테크
236030,KR,씨알푸드
103660,KR,씨앗
352480,KR,씨앤씨인터내셔널
245450,KR,씨앤에스링크
264660,KR,씨앤지하이테크
352700,KR,씨앤투스
458870,KR,씨어스테크놀로지
297090,KR,씨에스베어링
112610,KR,씨에스윈드
900120,KR,씨엑스아이
359090,KR,씨엔알리서치
115530,KR,씨엔플러스
115480,KR,씨유메디칼
340810,KR,씨유박스
376290,KR,씨유테크
189330,KR,씨이랩
096530,KR,씨젠
101240,KR,씨큐브
060590,KR,씨티씨바이오
308170,KR,씨티알모빌리티
260930,KR,씨티케이
413630,KR,씨피시스템
013990,KR,아가방컴퍼니
123860,KR,아나패스
025980,KR,아난티
008700,KR,아남전자
125210,KR,아모그린텍
002790,KR,아모레G
00279K,KR,아모레G3우(전환)
002795,KR,아모레G우
090430,KR,아모레퍼시픽
090435,KR,아모레퍼시픽우
357580,KR,아모센스
052710,KR,아모텍
074430,KR,아미노로직스
092040,KR,아미코젠
083930,KR,아바코
149950,KR,아바텍
036010,KR,아비코전자
002030,KR,아세아
183190,KR,아세아시멘트
002310,KR,아세아제지
050860,KR,아세아텍
012170,KR,아센디오
136410,KR,아셈스
246720,KR,아스타
067390,KR,아스트
159010,KR,아스플로
127710,KR,아시아경제
267850,KR,아시아나IDT
020560,KR,아시아나항공
154030,KR,아시아종묘
227610,KR,아우딘퓨쳐스
143160,KR,아이디스
054800,KR,아이디스홀딩스
332370,KR,아이디피
122900,KR,아이마켓코리아
339950,KR,아이비김영
469750,KR,아이비젼웍스
460470,KR,아이빔테크놀로지
099190,KR,아이센스
461300,KR,아이스크림미디어
289010,KR,아이스크림에듀
214430,KR,아이쓰리시스템
040910,KR,아이씨디
368600,KR,아이씨에이치
456010,KR,아이씨티케이
052860,KR,아이앤씨
464500,KR,아이언디바이스
010780,KR,아이에스동서
038880,KR,아이에이
307180,KR,아이엘사이언스
101390,KR,아이엠
461030,KR,아이엠비디엑스
456570,KR,아이엠지티
451220,KR,아이엠티
447690,KR,아이오바이오
090150,KR,아이윈
123010,KR,아이윈플러스
031310,KR,아이즈비전
185490,KR,아이진
059100,KR,아이컴포넌트
149010,KR,아이케이세미콘
262840,KR,아이퀘스트
175250,KR,아이큐어
052460,KR,아이크래프트
119830,KR,아이텍
052770,KR,아이톡시
124500,KR,아이티센
243870,KR,아이티센코어
372800,KR,아이티아이즈
084850,KR,아이티엠반도체
114840,KR,아이패밀리에스씨
027360,KR,아주IB투자
139990,KR,아주스틸
032080,KR,아즈텍WB
013310,KR,아진산업
059120,KR,아진엑스텍
009320,KR,아진전자부품
203690,KR,아크솔루션스
158430,KR,아톤
200350,KR,아티스트스튜디오
321820,KR,아티스트유나이티드
149300,KR,아퓨어스
102950,KR,아하
001540,KR,안국약품
053800,KR,안랩
251280,KR,안지오랩
065660,KR,안트로젠
297570,KR,알로이스
001780,KR,알루코
260660,KR,알리코제약
354320,KR,알멕
361570,KR,알비더블유
131370,KR,알서포트
140670,KR,알에스오토메이션
096610,KR,알에프세미
061040,KR,알에프텍
148250,KR,알엔투테크놀로지
347860,KR,알체라
196170,KR,알테오젠
123750,KR,알톤
085810,KR,알티캐스트
043100,KR,알파녹스
117670,KR,알파홀딩스
314140,KR,알피바이오
291650,KR,압타머사이언스
293780,KR,압타바이오
018250,KR,애경산업
161000,KR,애경케미칼
390110,KR,애니메디솔루션
196300,KR,애니젠
310200,KR,애니플러스
299910,KR,애닉
179530,KR,애드바이오텍
900100,KR,애머릿지
205500,KR,액션스퀘어
052790,KR,액토즈소프트
290740,KR,액트로
238090,KR,앤디포스
092600,KR,앤씨앤
129890,KR,앱코
174900,KR,앱클론
255440,KR,야스
030960,KR,양지사
102120,KR,어보브반도체
238120,KR,얼라인드
224810,KR,엄지하우스
019990,KR,에너토크
011090,KR,에넥스
270660,KR,에브리봇
038680,KR,에스넷
137310,KR,에스디바이오센서
217480,KR,에스디생명공학
121890,KR,에스디시스템
304360,KR,에스바이오메딕스
389500,KR,에스비비테크
042110,KR,에스씨디
298060,KR,에스씨엠생명과학
065420,KR,에스아이리소스
270210,KR,에스알바이오텍
103230,KR,에스앤더블류
260970,KR,에스앤디
101490,KR,에스앤에스텍
095910,KR,에스에너지
275630,KR,에스에스알
031330,KR,에스에이엠티
060540,KR,에스에이티
351320,KR,에스에이티이엔지
056190,KR,에스에프에이
005850,KR,에스엘
246250,KR,에스엘에스바이오
258540,KR,에스엘테라퓨틱스
041510,KR,에스엠
010580,KR,에스엠벡셀
007820,KR,에스엠코어
464080,KR,에스오에스랩
109610,KR,에스와이
365330,KR,에스와이스틸텍
012750,KR,에스원
306040,KR,에스제이그룹
217910,KR,에스제이켐
398120,KR,에스지헬스케어
457940,KR,에스케이증권제10호스팩
472230,KR,에스케이증권제11호스팩
473000,KR,에스케이증권제12호스팩
473950,KR,에스케이증권제13호스팩
435870,KR,에스케이증권제8호스팩
455910,KR,에스케이증권제9호스팩
475660,KR,에스켐
096630,KR,에스코넥
069510,KR,에스텍
234300,KR,에스트래픽
039440,KR,에스티아이
098660,KR,에스티오
052020,KR,에스티큐브
237690,KR,에스티팜
050760,KR,에스폴리텍
288620,KR,에스퓨얼셀
443670,KR,에스피소프트
317830,KR,에스피시스템스
058610,KR,에스피지
043340,KR,에쎈테크
023960,KR,에쓰씨엔지니어링
163280,KR,에어레인
298690,KR,에어부산
054630,KR,에이디칩스
200710,KR,에이디테크놀로지
475580,KR,에이럭스
096690,KR,에이루트
140910,KR,에이리츠
078520,KR,에이블씨엔씨
298380,KR,에이비엘바이오
203400,KR,에이비온
195990,KR,에이비프로바이오
003800,KR,에이스침대
088800,KR,에이스테크
241840,KR,에이스토리
311960,KR,에이아이더뉴트리진
453860,KR,에이에스텍
312610,KR,에이에프더블류
015260,KR,에이엔피
172670,KR,에이엘티
495900,KR,에이엠시지
234070,KR,에이원알폼
445090,KR,에이직랜드
295310,KR,에이치브이엠
072990,KR,에이치시티
044990,KR,에이치엔에스하이텍
239610,KR,에이치엘사이언스
462020,KR,에이치엠씨제6호스팩
477340,KR,에이치엠씨제7호스팩
148930,KR,에이치와이티씨
376270,KR,에이치이엠파마
044780,KR,에이치케이
357230,KR,에이치피오
355690,KR,에이텀
071670,KR,에이테크솔루션
045660,KR,에이텍
224110,KR,에이텍모빌리티
021080,KR,에이티넘인베스트
200470,KR,에이팩트
207490,KR,에이펙스인텍
262260,KR,에이프로
007460,KR,에이프로젠
003060,KR,에이프로젠바이오로직스
397030,KR,에이프릴바이오
244920,KR,에이플러스에셋
278470,KR,에이피알
230240,KR,에치에프알
230360,KR,에코마케팅
038870,KR,에코바이오
097780,KR,에코볼트
448280,KR,에코아이
101360,KR,에코앤드림
128540,KR,에코캡
086520,KR,에코프로
450080,KR,에코프로머티
247540,KR,에코프로비엠
383310,KR,에코프로에이치엔
038110,KR,에코플라스틱
073540,KR,에프알텍
064850,KR,에프앤가이드
036810,KR,에프에스티
173940,KR,에프엔씨엔터
083500,KR,에프엔에스테크
446440,KR,에피바이오텍
054940,KR,엑사이엔씨
950130,KR,엑세스바이오
373110,KR,엑셀세라퓨틱스
205100,KR,엑셈
356680,KR,엑스게이트
070300,KR,엑스큐어
317770,KR,엑스페릭스
373200,KR,엑스플러스
069920,KR,엑시온그룹
092870,KR,엑시콘
317870,KR,엔바이오니아
067570,KR,엔브이에이치코리아
236810,KR,엔비티
140610,KR,엔솔바이오사이언스
333620,KR,엔시스
101400,KR,엔시트론
036570,KR,엔씨소프트
238170,KR,엔에스엠
078860,KR,엔에스이엔엠
224760,KR,엔에스컴퍼니
422040,KR,엔에이치스팩23호
437780,KR,엔에이치스팩24호
438580,KR,엔에이치스팩25호
439410,KR,엔에이치스팩26호
440820,KR,엔에이치스팩27호
451700,KR,엔에이치스팩29호
466910,KR,엔에이치스팩30호
481890,KR,엔에이치스팩31호
265740,KR,엔에프씨
354200,KR,엔젠바이오
455900,KR,엔젤로보틱스
419080,KR,엔젯
093510,KR,엔지브이아이
208860,KR,엔지스테크널러지
183490,KR,엔지켐생명과학
085310,KR,엔케이
182400,KR,엔케이맥스
348370,KR,엔켐
069410,KR,엔텔스
227950,KR,엔투텍
291230,KR,엔피
198080,KR,엔피디
048830,KR,엔피케이
096870,KR,엘디티
276240,KR,엘리비젼
900140,KR,엘브이엠씨홀딩스
290650,KR,엘앤씨바이오
066970,KR,엘앤에프
156100,KR,엘앤케이바이오
311060,KR,엘에이티
073110,KR,엘엠에스
083310,KR,엘오티베큠
037950,KR,엘컴텍
170920,KR,엘티씨
058630,KR,엠게임
058970,KR,엠로
019590,KR,엠벤처투자
169330,KR,엠브레인
097520,KR,엠씨넥스
373170,KR,엠아이큐브솔루션
179290,KR,엠아이텍
484870,KR,엠앤씨솔루션
009780,KR,엠에스씨
123040,KR,엠에스오토텍
432980,KR,엠에프씨
323230,KR,엠에프엠코리아
413390,KR,엠오티
032790,KR,엠젠솔루션
033160,KR,엠케이전자
347890,KR,엠투아이
033310,KR,엠투엔
259630,KR,엠플러스
105550,KR,엣지파운드리
060850,KR,영림원소프트랩
014440,KR,영보화학
143540,KR,영우디에스피
111770,KR,영원무역
009970,KR,영원무역홀딩스
003520,KR,영진약품
000670,KR,영풍
036560,KR,영풍정밀
006740,KR,영풍제지
012280,KR,영화금속
265560,KR,영화테크
012160,KR,영흥
036000,KR,예림당
250930,KR,예선테크
053280,KR,예스24
015360,KR,예스코홀딩스
122640,KR,예스티
900300,KR,오가닉티코스메틱
212310,KR,오건에코텍
045060,KR,오공
080520,KR,오디텍
007310,KR,오뚜기
039830,KR,오로라
322310,KR,오로스테크놀로지
046120,KR,오르비텍
014940,KR,오리엔탈정공
002630,KR,오리엔트바이오
065500,KR,오리엔트정공
271560,KR,오리온
001800,KR,오리온홀딩스
010470,KR,오리콤
417860,KR,오브젠
352910,KR,오비고
053980,KR,오상자이엘
036220,KR,오상헬스케어
052420,KR,오성첨단소재
332190,KR,오션스바이오
052300,KR,오션인더블유
039200,KR,오스코텍
226400,KR,오스테오닉
031510,KR,오스템
368970,KR,오에스피
138080,KR,오이솔루션
080580,KR,오킨스전자
067170,KR,오텍
353590,KR,오토앤
173130,KR,오파스넷
440320,KR,오픈놀
049480,KR,오픈베이스
394280,KR,오픈엣지테크놀로지
309930,KR,오하임앤컴퍼니
476060,KR,온코닉테라퓨틱스
382150,KR,온코크로스
005320,KR,온타이드
244460,KR,올리패스
226950,KR,올릭스
057540,KR,옴니시스템
131030,KR,옵투스제약
082210,KR,옵트론텍
109080,KR,옵티시스
380540,KR,옵티코어
153710,KR,옵티팜
432430,KR,와이랩
338840,KR,와이바이오로직스
122990,KR,와이솔
232140,KR,와이씨
112290,KR,와이씨켐
065530,KR,와이어블
067900,KR,와이엔텍
007530,KR,와이엠
155650,KR,와이엠씨
273640,KR,와이엠텍
251370,KR,와이엠티
066430,KR,와이오엠
209640,KR,와이제이링크
273060,KR,와이즈버즈
019210,KR,와이지-원
122870,KR,와이지엔터테인먼트
011690,KR,와이투솔루션
332570,KR,와이팜
079000,KR,와토스코리아
403490,KR,우듬지팜
316140,KR,우리금융지주
032820,KR,우리기술
041190,KR,우리기술투자
115440,KR,우리넷
046970,KR,우리로
082850,KR,우리바이오
215360,KR,우리산업
072470,KR,우리산업홀딩스
073560,KR,우리손에프앤지
037400,KR,우리엔터프라이즈
153490,KR,우리이앤엘
101170,KR,우림피티에스
006980,KR,우성
066590,KR,우수AMS
017370,KR,우신시스템
103840,KR,우양
046940,KR,우원개발
215380,KR,우정바이오
065680,KR,우주일렉트로
105840,KR,우진
018620,KR,우진비앤지
010400,KR,우진아이엔에스
457550,KR,우진엔텍
049800,KR,우진플라임
016880,KR,웅진
095720,KR,웅진씽크빅
396470,KR,워트
005820,KR,원림
307280,KR,원바이오젠
032940,KR,원익
240810,KR,원익IPS
074600,KR,원익QnC
104830,KR,원익머트리얼즈
014190,KR,원익큐브
217820,KR,원익피앤이
030530,KR,원익홀딩스
012620,KR,원일특강
382840,KR,원준
336570,KR,원텍
376980,KR,원티드랩
122830,KR,원포유
008370,KR,원풍
008290,KR,원풍물산
101160,KR,월덱스
336060,KR,웨이버스
095270,KR,웨이브일렉트로
289930,KR,웨이비스
010600,KR,웰바이오텍
065950,KR,웰크론
076080,KR,웰크론한텍
043590,KR,웰킵스하이텍
196700,KR,웹스
069080,KR,웹젠
053580,KR,웹케시
071460,KR,위니아
377460,KR,위니아에이드
044340,KR,위닉스
330350,KR,위더스제약
348350,KR,위드텍
112040,KR,위메이드
101730,KR,위메이드맥스
123420,KR,위메이드플레이
065370,KR,위세아이텍
140660,KR,위월드
038620,KR,위즈코프
299900,KR,위지윅스튜디오
036090,KR,위지트
459100,KR,위츠
136540,KR,윈스
097800,KR,윈팩
192390,KR,윈하이텍
008600,KR,윌비스
335870,KR,윙스풋
900340,KR,윙입푸드
033270,KR,유나이티드제약
014830,KR,유니드
446070,KR,유니드비티플러스
036200,KR,유니셈
018000,KR,유니슨
000910,KR,유니온
047400,KR,유니온머티리얼
203450,KR,유니온커뮤니티
011330,KR,유니켐
077500,KR,유니퀘스트
011320,KR,유니크
086390,KR,유니테스트
241690,KR,유니테크노
142210,KR,유니트론텍
121060,KR,유니포인트
389680,KR,유디엠텍
088340,KR,유라클
048430,KR,유라테크
206650,KR,유바이오로직스
089850,KR,유비벨록스
495810,KR,유비씨
084440,KR,유비온
032620,KR,유비케어
264450,KR,유비쿼스
078070,KR,유비쿼스홀딩스
002920,KR,유성기업
024800,KR,유성티엔에스
000700,KR,유수홀딩스
054930,KR,유신
069330,KR,유아이디
049520,KR,유아이엘
435380,KR,유안타제10호스팩
444920,KR,유안타제11호스팩
446150,KR,유안타제12호스팩
449020,KR,유안타제13호스팩
450940,KR,유안타제14호스팩
473050,KR,유안타제15호스팩
474490,KR,유안타제16호스팩
493790,KR,유안타제17호스팩
430700,KR,유안타제9호스팩
003470,KR,유안타증권
003475,KR,유안타증권우
263770,KR,유에스티
337840,KR,유엑스엔
072130,KR,유엔젤
000220,KR,유유제약
000225,KR,유유제약1우
000227,KR,유유제약2우B
388720,KR,유일로보틱스
340930,KR,유일에너테크
023410,KR,유진기업
056080,KR,유진로봇
468760,KR,유진스팩10호
488060,KR,유진스팩11호
442130,KR,유진스팩9호
084370,KR,유진테크
240600,KR,유진테크놀로지
001200,KR,유진투자증권
221800,KR,유투바이오
179900,KR,유티아이
263050,KR,유틸렉스
000100,KR,유한양행
000105,KR,유한양행우
003460,KR,유화증권
003465,KR,유화증권우
191410,KR,육일씨엔에쓰
372170,KR,윤성에프앤씨
146060,KR,율촌
008730,KR,율촌화학
072770,KR,율호
008250,KR,이건산업
039020,KR,이건홀딩스
025820,KR,이구산업
067920,KR,이글루
044960,KR,이글벳
303530,KR,이노뎁
296640,KR,이노룰스
302430,KR,이노메트리
279060,KR,이노벡스
214320,KR,이노션
462350,KR,이노스페이스
274400,KR,이노시뮬레이션
073490,KR,이노와이어리스
215790,KR,이노인스트루먼트
344860,KR,이노진
088390,KR,이녹스
272290,KR,이녹스첨단소재
053350,KR,이니텍
452400,KR,이닉스
264850,KR,이랜시스
054210,KR,이랜텍
009730,KR,이렘
065440,KR,이루온
088260,KR,이리츠코크렙
139480,KR,이마트
115610,KR,이미지스
478110,KR,이베스트스팩6호
131400,KR,이브이첨단소재
208850,KR,이비테크
351330,KR,이삭엔지니어링
080010,KR,이상네트웍스
379390,KR,이성씨엔아이
457190,KR,이수스페셜티케미컬
086890,KR,이수앱지스
007660,KR,이수페타시스
005950,KR,이수화학
015020,KR,이스타코
047560,KR,이스트소프트
900110,KR,이스트아시아홀딩스
239340,KR,이스트에이드
067010,KR,이씨에스
093230,KR,이아이디
341310,KR,이앤에치
418620,KR,이에이트
456070,KR,이엔셀
102710,KR,이엔에프테크놀로지
074610,KR,이엔플러스
041520,KR,이엘씨
063760,KR,이엘피
123570,KR,이엠넷
083470,KR,이엠앤아이
095190,KR,이엠코리아
091120,KR,이엠텍
232530,KR,이엠티
102460,KR,이연제약
039030,KR,이오테크닉스
294090,KR,이오플로우
088290,KR,이원컴포텍
084680,KR,이월드
353810,KR,이지바이오
350520,KR,이지스레지던스리츠
334890,KR,이지스밸류리츠
099750,KR,이지케어텍
377330,KR,이지트로닉스
035810,KR,이지홀딩스
160600,KR,이큐셀
092130,KR,이크레더블
096040,KR,이트론
134060,KR,이퓨쳐
001840,KR,이화공영
000760,KR,이화산업
024810,KR,이화전기
014990,KR,인디에프
041830,KR,인바디
352940,KR,인바이오
101140,KR,인바이오젠
216400,KR,인바이츠바이오코아
079950,KR,인베니아
389470,KR,인벤티지랩
277410,KR,인산가
060150,KR,인선이엔티
033230,KR,인성정보
450520,KR,인스웨이브시스템즈
006490,KR,인스코비
465480,KR,인스피언
037330,KR,인지디스플레
100030,KR,인지소프트
023800,KR,인지컨트롤스
034590,KR,인천도시가스
211050,KR,인카금융서비스
083640,KR,인콘
064090,KR,인크레더블버즈
216050,KR,인크로스
049070,KR,인탑스
119610,KR,인터로조
017250,KR,인터엠
129260,KR,인터지스
051370,KR,인터플렉스
064290,KR,인텍플러스
189300,KR,인텔리안테크
150840,KR,인트로메딕
048530,KR,인트론바이오
023810,KR,인팩
115310,KR,인포바인
039290,KR,인포뱅크
071200,KR,인피니트헬스케어
101930,KR,인화정공
249420,KR,일동제약
000230,KR,일동홀딩스
013360,KR,일성건설
003120,KR,일성아이에스
333430,KR,일승
068330,KR,일신바이오
003200,KR,일신방직
007110,KR,일신석재
007570,KR,일양약품
007575,KR,일양약품우
178780,KR,일월지엠엘
008500,KR,일정실업
019540,KR,일지테크
081000,KR,일진다이아
020760,KR,일진디스플
103590,KR,일진전기
094820,KR,일진파워
271940,KR,일진하이솔루스
015860,KR,일진홀딩스
226320,KR,잇츠한불
950140,KR,잉글우드랩
049550,KR,잉크테크
389020,KR,자람테크놀로지
254120,KR,자비스
043910,KR,자연과환경
234920,KR,자이글
289220,KR,자이언트스텝
317400,KR,자이에스앤디
033240,KR,자화전자
174880,KR,장원테크
049630,KR,재영솔루텍
417840,KR,저스템
000950,KR,전방
079900,KR,전진건설로봇
110020,KR,전진바이오팜
208140,KR,정다운
040420,KR,정상제이엘에스
045510,KR,정원엔시스
217190,KR,제너셈
095700,KR,제넥신
072520,KR,제넨바이오
122310,KR,제노레이
361390,KR,제노코
066830,KR,제노텍
225220,KR,제놀루션
123330,KR,제닉
381620,KR,제닉스
159580,KR,제로투세븐
147830,KR,제룡산업
033100,KR,제룡전기
079370,KR,제우스
054950,KR,제이브이엠
023440,KR,제이스코홀딩스
090470,KR,제이스텍
137950,KR,제이씨케미칼
033320,KR,제이씨현시스템
417500,KR,제이아이테크
348950,KR,제이알글로벌리츠
204270,KR,제이앤티씨
194370,KR,제이에스코퍼레이션
026040,KR,제이에스티나
452160,KR,제이엔비
126880,KR,제이엔케이글로벌
322510,KR,제이엘케이
254160,KR,제이엠멀티
033050,KR,제이엠아이
094970,KR,제이엠티
418550,KR,제이오
025620,KR,제이준코스메틱
420570,KR,제이투케이바이오
089790,KR,제이티
030000,KR,제일기획
052670,KR,제일바이오
271980,KR,제일약품
412540,KR,제일엠앤에스
001560,KR,제일연마
199820,KR,제일일렉트릭
038010,KR,제일테크노스
002620,KR,제일파마홀딩스
276730,KR,제주맥주
080220,KR,제주반도체
006220,KR,제주은행
089590,KR,제주항공
216080,KR,제테마
229000,KR,젠큐릭스
082270,KR,젬백스
044060,KR,조광ILI
004910,KR,조광페인트
004700,KR,조광피혁
001550,KR,조비
462520,KR,조선내화
120030,KR,조선선재
034940,KR,조아제약
067000,KR,조이시티
018470,KR,조일알미늄
002600,KR,조흥
185750,KR,종근당
063160,KR,종근당바이오
001630,KR,종근당홀딩스
033340,KR,좋은사람들
036930,KR,주성엔지니어링
109070,KR,주성코퍼레이션
044380,KR,주연테크
072020,KR,중앙백신
000440,KR,중앙에너비스
051980,KR,중앙첨단소재
228760,KR,지노믹트리
314130,KR,지놈앤컴퍼니
013890,KR,지누스
389030,KR,지니너스
043610,KR,지니뮤직
263860,KR,지니언스
303030,KR,지니틱스
036180,KR,지더블유바이텍
208350,KR,지란지교시큐리티
289860,KR,지슨
144510,KR,지씨셀
358570,KR,지아이이노베이션
382480,KR,지아이텍
382800,KR,지앤비에스 에코
299480,KR,지앤이헬스케어
051160,KR,지어소프트
053050,KR,지에스이
388610,KR,지에프씨생명과학
119850,KR,지엔씨에너지
065060,KR,지엔코
204840,KR,지엘팜텍
013870,KR,지엠비코리아
071320,KR,지역난방공사
270520,KR,지오릿에너지
311320,KR,지오엘리먼트
388050,KR,지투파워
088790,KR,진도
018120,KR,진로발효
109820,KR,진매트릭스
086060,KR,진바이오텍
036890,KR,진성티이씨
363250,KR,진시스템
003780,KR,진양산업
007370,KR,진양제약
010640,KR,진양폴리
100250,KR,진양홀딩스
051630,KR,진양화학
272450,KR,진에어
285800,KR,진영
011000,KR,진원생명과학
250030,KR,진코스텍
002780,KR,진흥기업
002787,KR,진흥기업2우B
002785,KR,진흥기업우B
233990,KR,질경이
085660,KR,차바이오텍
261780,KR,차백신연구소
351870,KR,차이커뮤니케이션
009310,KR,참엔지니어링
094850,KR,참좋은여행
368030,KR,창대정밀
004650,KR,창해에탄올
278280,KR,천보
000650,KR,천일고속
362320,KR,청담글로벌
012600,KR,청호ICT
066360,KR,체리부로
033250,KR,체시스
047820,KR,초록뱀미디어
094360,KR,칩스앤미디어
016920,KR,카스
284620,KR,카이노스메드
446600,KR,카이바이오텍
035720,KR,카카오
293490,KR,카카오게임즈
323410,KR,카카오뱅크
377300,KR,카카오페이
140430,KR,카티스
042000,KR,카페24
006380,KR,카프로
313760,KR,캐리
317530,KR,캐리소프트
071850,KR,캐스텍코리아
050110,KR,캠시스
452300,KR,캡스톤파트너스
451760,KR,컨텍
900310,KR,컬러레이
078340,KR,컴투스
063080,KR,컴투스홀딩스
307930,KR,컴퍼니케이
079190,KR,케스피온
263700,KR,케어랩스
214370,KR,케어젠
221980,KR,케이디켐
038530,KR,케이바이오
001620,KR,케이비아이동국실업
424140,KR,케이비제21호스팩
192250,KR,케이사인
431190,KR,케이쓰리아이
029460,KR,케이씨
115500,KR,케이씨에스
281820,KR,케이씨텍
089150,KR,케이씨티
025880,KR,케이씨피드
093320,KR,케이아이엔엑스
093640,KR,케이알엠
073010,KR,케이에스피
105330,KR,케이엔더블유
053080,KR,케이엔솔
199430,KR,케이엔알시스템
432470,KR,케이엔에스
272110,KR,케이엔제이
039420,KR,케이엘넷
083550,KR,케이엠
032500,KR,케이엠더블유
225430,KR,케이엠제약
102370,KR,케이옥션
068100,KR,케이웨더
381970,KR,케이카
145270,KR,케이탑리츠
036030,KR,케이티알파
064820,KR,케이프
256940,KR,케이피에스
024880,KR,케이피에프
042040,KR,케이피엠테크
054410,KR,케이피티유
258610,KR,케일럼
274090,KR,켄코아에어로스페이스
402420,KR,켈스
089010,KR,켐트로닉스
220260,KR,켐트로스
176590,KR,코나솔
052400,KR,코나아이
402030,KR,코난테크놀로지
391710,KR,코닉오토메이션
046070,KR,코다코
047770,KR,코데즈컴바인
080530,KR,코디
417310,KR,코람코더원리츠
357120,KR,코람코라이프인프라리츠
104540,KR,코렌텍
027050,KR,코리아나
007815,KR,코리아써우
007810,KR,코리아써키트
00781K,KR,코리아써키트2우B
190650,KR,코리아에셋투자증권
123410,KR,코리아에프티
003690,KR,코리안리
036690,KR,코맥스
049430,KR,코메론
183300,KR,코미코
041960,KR,코미팜
089890,KR,코세스
360350,KR,코셈
189350,KR,코셋
082660,KR,코스나인
192820,KR,코스맥스
044820,KR,코스맥스비티아이
222040,KR,코스맥스엔비티
241710,KR,코스메카코리아
005070,KR,코스모신소재
005420,KR,코스모화학
355150,KR,코스텍시스
169670,KR,코스텍시스템
071950,KR,코아스
166480,KR,코아스템켐온
045970,KR,코아시아
196450,KR,코아시아씨엠
384470,KR,코어라인소프트
029960,KR,코엔텍
002020,KR,코오롱
138490,KR,코오롱ENP
003070,KR,코오롱글로벌
003075,KR,코오롱글로벌우
450140,KR,코오롱모빌리티그룹
45014K,KR,코오롱모빌리티그룹우
102940,KR,코오롱생명과학
002025,KR,코오롱우
120110,KR,코오롱인더
120115,KR,코오롱인더우
950160,KR,코오롱티슈진
021240,KR,코웨이
033290,KR,코웰패션
056360,KR,코위버
282880,KR,코윈테크
121850,KR,코이즈
448710,KR,코츠테크놀로지
126730,KR,코칩
015710,KR,코콤
052330,KR,코텍
322780,KR,코퍼스코리아
036420,KR,콘텐트리중앙
200130,KR,콜마비앤에이치
024720,KR,콜마홀딩스
031820,KR,콤텍시스템
294570,KR,쿠콘
192400,KR,쿠쿠홀딩스
284740,KR,쿠쿠홈시스
317690,KR,퀀타매트릭스
078940,KR,퀀타피아
227100,KR,퀀텀온
432720,KR,퀄리타스반도체
456190,KR,큐라켐
365270,KR,큐라클
348080,KR,큐라티스
086460,KR,큐러블
060280,KR,큐렉소
372320,KR,큐로셀
051780,KR,큐로홀딩스
115180,KR,큐리언트
445680,KR,큐리옥스바이오시스템즈
182360,KR,큐브엔터
405100,KR,큐알티
066310,KR,큐에스아이
136660,KR,큐엠씨
016600,KR,큐캐피탈
355390,KR,크라우드웍스
264900,KR,크라운제과
26490K,KR,크라운제과우
005740,KR,크라운해태홀딩스
005745,KR,크라운해태홀딩스우
259960,KR,크래프톤
096240,KR,크레버스
040350,KR,크레오에스지
215570,KR,크로넥스
110790,KR,크리스에프앤씨
900250,KR,크리스탈신소재
045520,KR,크린앤사이언스
036170,KR,클라우드에어
214150,KR,클래시스
466100,KR,클로봇
352770,KR,클리노믹스
237880,KR,클리오
139670,KR,키네마스터
020120,KR,키다리스튜디오
487720,KR,키움제10호스팩
489480,KR,키움제11호스팩
413600,KR,키움제6호스팩
433530,KR,키움제7호스팩
446840,KR,키움제8호스팩
039490,KR,키움증권
054780,KR,키이스트
336040,KR,타스컴
219130,KR,타이거일렉
346010,KR,타이드
318660,KR,타임기술
476710,KR,타조엔터테인먼트
434190,KR,탈로스
336680,KR,탑런토탈솔루션
360070,KR,탑머티리얼
180060,KR,탑선
065130,KR,탑엔지니어링
134580,KR,탑코미디어
014580,KR,태경비케이
015890,KR,태경산업
006890,KR,태경케미컬
023160,KR,태광
003240,KR,태광산업
011280,KR,태림포장
323280,KR,태성
053620,KR,태양
052960,KR,태양3C
004100,KR,태양금속
004105,KR,태양금속우
116100,KR,태양기계
009410,KR,태영건설
009415,KR,태영건설우
044490,KR,태웅
124560,KR,태웅로직스
001420,KR,태원물산
191420,KR,테고사이언스
073640,KR,테라사이언스
066700,KR,테라젠이텍스
095610,KR,테스
055490,KR,테이팩스
308700,KR,테크엔
064520,KR,테크엘
089030,KR,테크윙
258050,KR,테크트랜스
054450,KR,텔레칩스
078000,KR,텔코웨어
200230,KR,텔콘RF제약
214420,KR,토니모리
393210,KR,토마토시스템
475960,KR,토모큐브
215480,KR,토박스코리아
051360,KR,토비스
045340,KR,토탈소프트
108230,KR,톱텍
079970,KR,투비소프트
199800,KR,툴젠
417790,KR,트루엔
290090,KR,트윔
026150,KR,특수건설
464280,KR,티디에스팜
322180,KR,티라유텍
117730,KR,티로보틱스
033830,KR,티비씨
057680,KR,티사이언티픽
204610,KR,티쓰리
064760,KR,티씨케이
246710,KR,티앤알바이오팹
340570,KR,티앤엘
043220,KR,티에스넥스젠
277880,KR,티에스아이
131290,KR,티에스이
019180,KR,티에이치엔
425420,KR,티에프이
131100,KR,티엔엔터테인먼트
356860,KR,티엘비
413300,KR,티엘엔지니어링
363280,KR,티와이홀딩스
36328K,KR,티와이홀딩스우
321550,KR,티움바이오
091810,KR,티웨이항공
004870,KR,티웨이홀딩스
425040,KR,티이엠씨
241790,KR,티이엠씨씨엔에스
104480,KR,티케이케미칼
081150,KR,티플랙스
130740,KR,티피씨글로벌
217880,KR,틸론
084730,KR,팅크웨어
440110,KR,파두
034230,KR,파라다이스
033540,KR,파라텍
388870,KR,파로스아이바이오
043200,KR,파루
214450,KR,파마리서치
217950,KR,파마리서치바이오
208340,KR,파멥신
005690,KR,파미셀
177830,KR,파버나인
037070,KR,파세코
150900,KR,파수
037030,KR,파워넷
047310,KR,파워로직스
266870,KR,파워풀엑스
368770,KR,파이버프로
170790,KR,파이오링크
049120,KR,파인디앤씨
038950,KR,파인디지털
387570,KR,파인메딕스
441270,KR,파인엠텍
106240,KR,파인테크닉스
131760,KR,파인텍
065690,KR,파커스
140860,KR,파크시스템스
091700,KR,파트론
202960,KR,판도라티비
032800,KR,판타지오
318010,KR,팜스빌
036580,KR,팜스코
027710,KR,팜스토리
004720,KR,팜젠사이언스
266350,KR,팡스카이
225590,KR,패션플랫폼
054300,KR,팬스타엔터프라이즈
068050,KR,팬엔터테인먼트
028670,KR,팬오션
222110,KR,팬젠
271830,KR,팸텍
010820,KR,퍼스텍
016800,KR,퍼시스
263750,KR,펄어비스
251970,KR,펌텍코리아
001020,KR,페이퍼코리아
327610,KR,펨토바이오메드
168360,KR,펨트론
087010,KR,펩트론
090080,KR,평화산업
010770,KR,평화홀딩스
064800,KR,포니링크
119500,KR,포메탈
389140,KR,포바이포
105760,KR,포스뱅크
022100,KR,포스코DX
058430,KR,포스코스틸리온
009520,KR,포스코엠텍
047050,KR,포스코인터내셔널
003670,KR,포스코퓨처엠
189690,KR,포시에스
318020,KR,포인트모바일
256630,KR,포인트엔지니어링
331380,KR,포커스에이치엔에스
472850,KR,폰드그룹
039980,KR,폴라리스AI
041910,KR,폴라리스AI파마
234100,KR,폴라리스세원
041020,KR,폴라리스오피스
114630,KR,폴라리스우노
290720,KR,푸드나무
005670,KR,푸드웰
094940,KR,푸른기술
057880,KR,푸른소나무
007330,KR,푸른저축은행
017810,KR,풀무원
093380,KR,풍강
023900,KR,풍국주정
103140,KR,풍산
005810,KR,풍산홀딩스
371950,KR,풍원정밀
370090,KR,퓨런티어
445180,KR,퓨릿
151910,KR,퓨처코어
341170,KR,퓨쳐메디신
220100,KR,퓨쳐켐
035200,KR,프럼파스트
334970,KR,프레스티지바이오로직스
950210,KR,프레스티지바이오파마
321260,KR,프로이천
296160,KR,프로젠
053610,KR,프로텍
303360,KR,프로티아
377220,KR,프롬바이오
335810,KR,프리시젼바이오
053160,KR,프리엠스
405000,KR,플라즈맵
041590,KR,플래스크
367000,KR,플래티어
075130,KR,플랜티넷
222670,KR,플럼라인생명과학
009810,KR,플레이그램
237820,KR,플레이디
023770,KR,플레이위드
019570,KR,플루토스
300080,KR,플리토
033790,KR,피노
032580,KR,피델릭스
051380,KR,피씨디렉트
241820,KR,피씨엘
237750,KR,피앤씨테크
460940,KR,피앤에스미캐닉스
319660,KR,피에스케이
031980,KR,피에스케이홀딩스
002230,KR,피에스텍
043370,KR,피에이치에이
239890,KR,피엔에이치테크
347740,KR,피엔케이피부임상연구센타
137400,KR,피엔티
257370,KR,피엔티엠에스
147760,KR,피엠티
128660,KR,피제이메탈
006140,KR,피제이전자
376180,KR,피코그램
304840,KR,피플바이오
087600,KR,픽셀플러스
291810,KR,핀텔
378340,KR,필에너지
161580,KR,필옵틱스
347770,KR,핌스
163730,KR,핑거
417180,KR,핑거스토리
446750,KR,하나26호스팩
448370,KR,하나27호스팩
454750,KR,하나28호스팩
454640,KR,하나29호스팩
469880,KR,하나30호스팩
469900,KR,하나31호스팩
475240,KR,하나32호스팩
475250,KR,하나33호스팩
484130,KR,하나34호스팩
435620,KR,하나금융25호스팩
086790,KR,하나금융지주
299030,KR,하나기술
067310,KR,하나마이크론
166090,KR,하나머티리얼즈
293480,KR,하나제약
039130,KR,하나투어
136480,KR,하림
003380,KR,하림지주
450330,KR,하스
101670,KR,하이드로리튬
365590,KR,하이딥
149980,KR,하이로닉
013030,KR,하이록코리아
352820,KR,하이브
126700,KR,하이비젼시스템
106080,KR,하이소닉
071090,KR,하이스틸
450050,KR,하이제8호스팩
160190,KR,하이젠알앤엠
221840,KR,하이즈항공
106190,KR,하이텍팜
019490,KR,하이트론
000080,KR,하이트진로
000087,KR,하이트진로2우B
000140,KR,하이트진로홀딩스
000145,KR,하이트진로홀딩스우
065650,KR,하이퍼코퍼레이션
066130,KR,하츠
152550,KR,한국ANKOR유전
004590,KR,한국가구
036460,KR,한국가스공사
039340,KR,한국경제TV
005430,KR,한국공항
071050,KR,한국금융지주
071055,KR,한국금융지주우
034950,KR,한국기업평가
010040,KR,한국내화
025540,KR,한국단자
222980,KR,한국맥널티
010100,KR,한국무브넥스
331660,KR,한국미라클피플사
256840,KR,한국비엔씨
219750,KR,한국비티비
004090,KR,한국석유
025550,KR,한국선재
002200,KR,한국수출포장
002960,KR,한국쉘석유
017890,KR,한국알콜
000240,KR,한국앤컴퍼니
080720,KR,한국유니온제약
123890,KR,한국자산신탁
015760,KR,한국전력
063570,KR,한국전자금융
041460,KR,한국전자인증
006200,KR,한국전자홀딩스
101680,KR,한국정밀기계
039740,KR,한국정보공학
053300,KR,한국정보인증
025770,KR,한국정보통신
458610,KR,한국제12호스팩
464440,KR,한국제13호스팩
477530,KR,한국제14호스팩
479880,KR,한국제15호스팩
027970,KR,한국제지
023350,KR,한국종합기술
025890,KR,한국주강
000970,KR,한국주철관
104700,KR,한국철강
062970,KR,한국첨단소재
017960,KR,한국카본
023760,KR,한국캐피탈
054040,KR,한국컴퓨터
161890,KR,한국콜마
021650,KR,한국큐빅
161390,KR,한국타이어앤테크놀로지
034830,KR,한국토지신탁
007280,KR,한국특강
032300,KR,한국파마
168490,KR,한국패러랠
037230,KR,한국팩키지
448900,KR,한국피아이엠
047810,KR,한국항공우주
123690,KR,한국화장품
003350,KR,한국화장품제조
030520,KR,한글과컴퓨터
052600,KR,한네트
011500,KR,한농화성
002390,KR,한독
256150,KR,한독크린텍
092460,KR,한라IMS
053690,KR,한미글로벌
042700,KR,한미반도체
008930,KR,한미사이언스
128940,KR,한미약품
452190,KR,한빛레이저
047080,KR,한빛소프트
009240,KR,한샘
452280,KR,한선엔지니어링
020000,KR,한섬
003680,KR,한성기업
066980,KR,한성크린텍
105630,KR,한세실업
069640,KR,한세엠케이
016450,KR,한세예스24홀딩스
010420,KR,한솔PNS
009180,KR,한솔로지스틱스
114810,KR,한솔아이원스
070590,KR,한솔인티큐브
213500,KR,한솔제지
014680,KR,한솔케미칼
004710,KR,한솔테크닉스
004150,KR,한솔홀딩스
025750,KR,한솔홈데코
226440,KR,한송네오텍
042520,KR,한스바이오메드
004960,KR,한신공영
011700,KR,한신기계
430690,KR,한싹
078350,KR,한양디지텍
045100,KR,한양이엔지
001750,KR,한양증권
001755,KR,한양증권우
018880,KR,한온시스템
009420,KR,한올바이오파마
214870,KR,한울BnC
320000,KR,한울반도체
091440,KR,한울소재과학
014130,KR,한익스프레스
024740,KR,한일단조
005860,KR,한일사료
300720,KR,한일시멘트
002220,KR,한일철강
006390,KR,한일현대시멘트
003300,KR,한일홀딩스
007770,KR,한일화학
051600,KR,한전KPS
052690,KR,한전기술
130660,KR,한전산업
198940,KR,한주라이트메탈
058450,KR,한주에이알티
107640,KR,한중엔시에스
002320,KR,한진
003480,KR,한진중공업홀딩스
180640,KR,한진칼
18064K,KR,한진칼우
005110,KR,한창
079170,KR,한창산업
009460,KR,한창제지
372910,KR,한컴라이프케어
054920,KR,한컴위드
457370,KR,한켐
002680,KR,한탑
000880,KR,한화
00088K,KR,한화3우B
452260,KR,한화갤러리아
45226K,KR,한화갤러리아우
451800,KR,한화리츠
489790,KR,한화비전
088350,KR,한화생명
000370,KR,한화손해보험
009830,KR,한화솔루션
009835,KR,한화솔루션우
272210,KR,한화시스템
012450,KR,한화에어로스페이스
082740,KR,한화엔진
042660,KR,한화오션
000885,KR,한화우
003530,KR,한화투자증권
003535,KR,한화투자증권우
455310,KR,한화플러스제4호스팩
195870,KR,해성디에스
034810,KR,해성산업
03481K,KR,해성산업1우
059270,KR,해성에어로보틱스
076610,KR,해성옵틱스
101530,KR,해태제과식품
220180,KR,핸디소프트
143210,KR,핸즈코퍼레이션
900270,KR,헝셩그룹
214180,KR,헥토이노베이션
234340,KR,헥토파이낸셜
084990,KR,헬릭스미스
187660,KR,현대ADM
000720,KR,현대건설
000725,KR,현대건설우
170030,KR,현대공업
453340,KR,현대그린푸드
086280,KR,현대글로비스
064350,KR,현대로템
079430,KR,현대리바트
012330,KR,현대모비스
319400,KR,현대무벡스
048410,KR,현대바이오
052260,KR,현대바이오랜드
069960,KR,현대백화점
004560,KR,현대비앤지스틸
016790,KR,현대사료
004310,KR,현대약품
041440,KR,현대에버다임
039010,KR,현대에이치티
017800,KR,현대엘리베이
307950,KR,현대오토에버
011210,KR,현대위아
090850,KR,현대이지웰
004020,KR,현대제철
005440,KR,현대지에프홀딩스
005380,KR,현대차
005387,KR,현대차2우B
005389,KR,현대차3우B
005385,KR,현대차우
001500,KR,현대차증권
011760,KR,현대코퍼레이션
227840,KR,현대코퍼레이션홀딩스
126560,KR,현대퓨처넷
001450,KR,현대해상
057050,KR,현대홈쇼핑
460930,KR,현대힘스
092300,KR,현우산업
138360,KR,협진
011080,KR,형지I&C
093240,KR,형지엘리트
003010,KR,혜인
111110,KR,호전실업
008770,KR,호텔신라
008775,KR,호텔신라우
060560,KR,홈센타홀딩스
064240,KR,홈캐스트
039610,KR,화성밸브
378850,KR,화승알앤에이
241590,KR,화승엔터프라이즈
006060,KR,화승인더
013520,KR,화승코퍼레이션
010690,KR,화신
126640,KR,화신정공
133820,KR,화인베스틸
127980,KR,화인써키트
061250,KR,화일약품
010660,KR,화천기계
000850,KR,화천기공
016580,KR,환인제약
032560,KR,황금에스티
004800,KR,효성
094280,KR,효성ITX
097870,KR,효성오앤비
298040,KR,효성중공업
298020,KR,효성티앤씨
298000,KR,효성화학
093370,KR,후성
081660,KR,휠라홀딩스
290270,KR,휴네시온
005870,KR,휴니드
353190,KR,휴럼
192410,KR,휴림네트웍스
090710,KR,휴림로봇
078590,KR,휴림에이텍
205470,KR,휴마시스
115160,KR,휴맥스
028080,KR,휴맥스홀딩스
175140,KR,휴먼테크놀로지
200670,KR,휴메딕스
079980,KR,휴비스
065510,KR,휴비츠
215090,KR,휴센텍
005010,KR,휴스틸
263920,KR,휴엠앤씨
243070,KR,휴온스
084110,KR,휴온스글로벌
145020,KR,휴젤
024060,KR,흥구석유
010240,KR,흥국
189980,KR,흥국에프엔비
000540,KR,흥국화재
000545,KR,흥국화재우
003280,KR,흥아해운
037440,KR,희림
238490,KR,힘스
